Invoice number,Customer name,Customer address,Due date,Amount owed
INV-001,John Doe,123 Main St,2023-07-15,500.00
INV-002,Jane Smith,456 Elm St,2023-07-10,750.00
INV-003,Robert Johnson,789 Oak St,2023-07-18,1200.00
INV-004,Lisa Anderson,321 Pine St,2023-07-12,2500.00
INV-005,Michael Williams,987 Maple Ave,2023-07-20,1500.00
INV-006,Sarah Davis,654 Birch Ln,2023-07-25,1000.00
INV-007,David Wilson,951 Cedar Rd,2023-07-17,800.00
INV-008,Emily Taylor,357 Walnut Ave,2023-07-13,1800.00
INV-009,Christopher Brown,753 Spruce St,2023-07-19,900.00
INV-010,Jennifer Miller,159 Oak St,2023-07-11,650.00
INV-011,Michael Johnson,753 Elm St,2023-07-15,750.00
INV-012,Laura Anderson,357 Maple Ave,2023-07-20,1200.00
INV-013,Matthew Davis,159 Pine St,2023-07-14,5000.00
INV-014,Sarah Wilson,753 Birch Ln,2023-07-17,1100.00
INV-015,Christopher Smith,951 Cedar Rd,2023-07-21,1600.00
INV-016,Jessica Johnson,357 Walnut Ave,2023-07-16,700.00
INV-017,Jason Davis,753 Spruce St,2023-07-19,950.00
INV-018,Lisa Brown,159 Oak St,2023-07-24,1800.00
INV-019,David Johnson,753 Elm St,2023-07-28,3000.00
INV-020,Amanda Anderson,357 Maple Ave,2023-07-26,1400.00
INV-021,John Wilson,159 Pine St,2023-07-22,900.00
INV-022,Stephanie Taylor,753 Birch Ln,2023-07-25,750.00
INV-023,Thomas Smith,951 Cedar Rd,2023-07-29,2000.00
INV-024,Rebecca Davis,357 Walnut Ave,2023-07-23,650.00
INV-025,Andrew Brown,753 Spruce St,2023-07-18,1200.00
INV-026,Michelle Johnson,159 Oak St,2023-07-21,850.00
INV-027,Joshua Davis,753 Elm St,2023-07-24,1350.00
INV-028,Kimberly Wilson,357 Maple Ave,2023-07-28,1600.00
INV-029,Joseph Anderson,159 Pine St,2023-07-26,7000.00
INV-030,Samantha Smith,753 Birch Ln,2023-07-30,950.00
INV-031,Brian Taylor,951 Cedar Rd,2023-07-27,1700.00
INV-032,Ashley Johnson,357 Walnut Ave,2023-07-22,800.00
INV-033,James Davis,753 Spruce St,2023-07-25,1100.00
INV-034,Amanda Brown,159 Oak St,2023-07-29,1900.00
INV-035,Michael Johnson,753 Elm St,2023-08-02,3500.00
INV-036,Laura Anderson,357 Maple Ave,2023-08-01,1300.00
INV-037,Matthew Davis,159 Pine St,2023-07-31,6500.00
INV-038,Sarah Wilson,753 Birch Ln,2023-08-04,1200.00
INV-039,Christopher Smith,951 Cedar Rd,2023-08-08,1900.00
INV-040,Jessica Johnson,357 Walnut Ave,2023-08-03,850.00
INV-041,Jason Davis,753 Spruce St,2023-08-06,1250.00
INV-042,Lisa Brown,159 Oak St,2023-08-09,2200.00
INV-043,David Johnson,753 Elm St,2023-08-12,4500.00
INV-044,Amanda Anderson,357 Maple Ave,2023-08-10,1700.00
INV-045,John Wilson,159 Pine St,2023-08-05,1000.00
INV-046,Stephanie Taylor,753 Birch Ln,2023-08-08,950.00
INV-047,Thomas Smith,951 Cedar Rd,2023-08-13,2400.00
INV-048,Rebecca Davis,357 Walnut Ave,2023-08-07,850.00
INV-049,Andrew Brown,753 Spruce St,2023-08-10,1300.00
INV-050,Michelle Johnson,159 Oak St,2023-08-14,950.00
INV-051,Joshua Davis,753 Elm St,2023-08-18,1850.00
INV-052,Kimberly Wilson,357 Maple Ave,2023-08-16,2000.00
INV-053,Joseph Anderson,159 Pine St,2023-08-11,6000.00
INV-054,Samantha Smith,753 Birch Ln,2023-08-15,1050.00
INV-055,Brian Taylor,951 Cedar Rd,2023-08-19,2200.00
INV-056,Ashley Johnson,357 Walnut Ave,2023-08-17,1000.00
INV-057,James Davis,753 Spruce St,2023-08-20,1250.00
INV-058,Amanda Brown,159 Oak St,2023-08-24,2300.00
INV-059,Michael Johnson,753 Elm St,2023-08-27,4200.00
INV-060,Laura Anderson,357 Maple Ave,2023-08-25,1500.00
INV-061,Matthew Davis,159 Pine St,2023-08-21,6800.00
INV-062,Sarah Wilson,753 Birch Ln,2023-08-24,1100.00
INV-063,Christopher Smith,951 Cedar Rd,2023-08-29,1800.00
INV-064,Jessica Johnson,357 Walnut Ave,2023-08-26,900.00
INV-065,Jason Davis,753 Spruce St,2023-08-30,1350.00
INV-066,Lisa Brown,159 Oak St,2023-08-28,2400.00
INV-067,David Johnson,753 Elm St,2023-09-01,4800.00
INV-068,Amanda Anderson,357 Maple Ave,2023-08-31,1900.00
INV-069,John Wilson,159 Pine St,2023-08-23,1200.00
INV-070,Stephanie Taylor,753 Birch Ln,2023-08-26,1000.00
INV-071,Thomas Smith,951 Cedar Rd,2023-09-02,2800.00
INV-072,Rebecca Davis,357 Walnut Ave,2023-08-27,900.00
INV-073,Andrew Brown,753 Spruce St,2023-08-30,1450.00
INV-074,Michelle Johnson,159 Oak St,2023-09-04,1050.00
INV-075,Joshua Davis,753 Elm St,2023-09-07,2100.00
INV-076,Kimberly Wilson,357 Maple Ave,2023-09-05,2200.00
INV-077,Joseph Anderson,159 Pine St,2023-08-31,6500.00
INV-078,Samantha Smith,753 Birch Ln,2023-09-08,1200.00
INV-079,Brian Taylor,951 Cedar Rd,2023-09-12,2400.00
INV-080,Ashley Johnson,357 Walnut Ave,2023-09-10,1050.00
INV-081,James Davis,753 Spruce St,2023-09-13,1300.00
INV-082,Amanda Brown,159 Oak St,2023-09-17,2600.00
INV-083,Michael Johnson,753 Elm St,2023-09-20,5000.00
INV-084,Laura Anderson,357 Maple Ave,2023-09-18,1700.00
INV-085,Matthew Davis,159 Pine St,2023-09-14,7200.00
INV-086,Sarah Wilson,753 Birch Ln,2023-09-17,1300.00
INV-087,Christopher Smith,951 Cedar Rd,2023-09-21,2100.00
INV-088,Jessica Johnson,357 Walnut Ave,2023-09-16,950.00
INV-089,Jason Davis,753 Spruce St,2023-09-19,1450.00
INV-090,Lisa Brown,159 Oak St,2023-09-23,2700.00
INV-091,David Johnson,753 Elm St,2023-09-26,5500.00
INV-092,Amanda Anderson,357 Maple Ave,2023-09-24,2000.00
INV-093,John Wilson,159 Pine St,2023-09-18,1500.00
INV-094,Stephanie Taylor,753 Birch Ln,2023-09-21,1200.00
INV-095,Thomas Smith,951 Cedar Rd,2023-09-27,3200.00
INV-096,Rebecca Davis,357 Walnut Ave,2023-09-22,950.00
INV-097,Andrew Brown,753 Spruce St,2023-09-25,1600.00
INV-098,Michelle Johnson,159 Oak St,2023-09-29,1150.00
INV-099,Joshua Davis,753 Elm St,2023-10-03,2300.00
INV-100,Kimberly Wilson,357 Maple Ave,2023-10-01,2400.00
